﻿Error,,SAddr1,SAddr2,SCity,SState,SZipCode,ShipContact,ShipToName,ShipTo_ID,E2_Customer_Key,PreviousModDate,RowNum_Of_Source_File,LoadedByPython,LoadDate,Source_File
REQUIRED_FIELD_MISSING:Required fields are missing: [Name]:Name --,345,2543 W. Estrella Road,,New River,AZ,85087,,Tyler Vinton,8335,DCS_6966,,346,Y,2023-05-02 07:45:19.923,DCS_ShipTo.csv
REQUIRED_FIELD_MISSING:Required fields are missing: [Name]:Name --,461,2543 W. Estrella Road,,New River,AZ,85087,,Tyler Vinton,8335,DCS_6962,,462,Y,2023-05-02 07:45:19.923,DCS_ShipTo.csv
REQUIRED_FIELD_MISSING:Required fields are missing: [Name]:Name --,1295,2543 W. Estrella Road,,New River,AZ,85087,,Tyler Vinton,8335,DCS_6972,,1296,Y,2023-05-02 07:45:19.923,DCS_ShipTo.csv
REQUIRED_FIELD_MISSING:Required fields are missing: [Name]:Name --,1797,2543 W. Estrella Road,,New River,AZ,85087,,Tyler Vinton,8335,DCS_6967,,1798,Y,2023-05-02 07:45:19.923,DCS_ShipTo.csv
REQUIRED_FIELD_MISSING:Required fields are missing: [Name]:Name --,2154,2543 W. Estrella Road,,New River,AZ,85087,,Tyler Vinton,8335,DCS_6973,,2155,Y,2023-05-02 07:45:19.923,DCS_ShipTo.csv
REQUIRED_FIELD_MISSING:Required fields are missing: [Name]:Name --,2569,2543 W. Estrella Road,,New River,AZ,85087,,Tyler Vinton,8335,DCS_6968,,2570,Y,2023-05-02 07:45:19.923,DCS_ShipTo.csv
REQUIRED_FIELD_MISSING:Required fields are missing: [Name]:Name --,2570,2543 W. Estrella Road,,New River,AZ,85087,,Tyler Vinton,8335,DCS_6961,,2571,Y,2023-05-02 07:45:19.923,DCS_ShipTo.csv
REQUIRED_FIELD_MISSING:Required fields are missing: [Name]:Name --,3650,2543 W. Estrella Road,,New River,AZ,85087,,Tyler Vinton,8335,DCS_6969,,3651,Y,2023-05-02 07:45:19.923,DCS_ShipTo.csv
REQUIRED_FIELD_MISSING:Required fields are missing: [Name]:Name --,3771,2543 W. Estrella Road,,New River,AZ,85087,,Tyler Vinton,8335,DCS_6959,,3772,Y,2023-05-02 07:45:19.923,DCS_ShipTo.csv
REQUIRED_FIELD_MISSING:Required fields are missing: [Name]:Name --,4995,2543 W. Estrella Road,,New River,AZ,85087,,Tyler Vinton,8335,DCS_6965,,4996,Y,2023-05-02 07:45:19.923,DCS_ShipTo.csv
REQUIRED_FIELD_MISSING:Required fields are missing: [Name]:Name --,5028,2543 W. Estrella Road,,New River,AZ,85087,,Tyler Vinton,8335,DCS_6958,,5029,Y,2023-05-02 07:45:19.923,DCS_ShipTo.csv
REQUIRED_FIELD_MISSING:Required fields are missing: [Name]:Name --,6071,2543 W. Estrella Road,,New River,AZ,85087,,Tyler Vinton,8335,DCS_6960,,6072,Y,2023-05-02 07:45:19.923,DCS_ShipTo.csv
REQUIRED_FIELD_MISSING:Required fields are missing: [Name]:Name --,6761,2543 W. Estrella Road,,New River,AZ,85087,,Tyler Vinton,8335,DCS_6970,,6762,Y,2023-05-02 07:45:19.923,DCS_ShipTo.csv
